{"_id":{"$oid":"56b27355fa2c9d532fe66e77"},"genre":["War"],"movieid":["777"],"title":["Pharaoh's Army (1995)"]}
{"_id":{"$oid":"56b27355fa2c9d532fe66f30"},"genre":["War"],"movieid":["966"],"title":["Walk in the Sun, A (1945)"]}
{"_id":{"$oid":"56b27355fa2c9d532fe67101"},"genre":["War"],"movieid":["1450"],"title":["Prisoner of the Mountains (Kavkazsky plennik) (1996)"]}
{"_id":{"$oid":"56b27355fa2c9d532fe67592"},"genre":["War"],"movieid":["2669"],"title":["Pork Chop Hill (1959)"]}
{"_id":{"$oid":"56b27355fa2c9d532fe67594"},"genre":["War"],"movieid":["2670"],"title":["Run Silent, Run Deep (1958)"]}
{"_id":{"$oid":"56b27355fa2c9d532fe67839"},"genre":["War"],"movieid":["3339"],"title":["Cross of Iron (1977)"]}
{"_id":{"$oid":"56b27355fa2c9d532fe67849"},"genre":["War"],"movieid":["3367"],"title":["Devil's Brigade, The (1968)"]}
{"_id":{"$oid":"56b27355fa2c9d532fe67978"},"genre":["War"],"movieid":["3670"],"title":["Story of G.I. Joe, The (1945)"]}
{"_id":{"$oid":"56b27355fa2c9d532fe67e52"},"genre":["War"],"movieid":["4918"],"title":["Young Lions, The (1958)"]}
{"_id":{"$oid":"56b27355fa2c9d532fe67e59"},"genre":["War"],"movieid":["4924"],"title":["Anzio (1968)"]}
{"_id":{"$oid":"56b27355fa2c9d532fe67ea3"},"genre":["War"],"movieid":["5001"],"title":["Sahara (1943)"]}
{"_id":{"$oid":"56b27355fa2c9d532fe67f65"},"genre":["War"],"movieid":["5196"],"title":["Lion of the Desert (1980)"]}
{"_id":{"$oid":"56b27355fa2c9d532fe68237"},"genre":["War"],"movieid":["5921"],"title":["Attack Force Z (a.k.a. The Z Men) (Z-tzu te kung tui) (1982)"]}
{"_id":{"$oid":"56b27355fa2c9d532fe6842e"},"genre":["War"],"movieid":["6434"],"title":["Objective, Burma! (1945)"]}
{"_id":{"$oid":"56b27355fa2c9d532fe68434"},"genre":["War"],"movieid":["6441"],"title":["Battle of Britain (1969)"]}
{"_id":{"$oid":"56b27355fa2c9d532fe6843a"},"genre":["War"],"movieid":["6447"],"title":["Duel at Diablo (1966)"]}
{"_id":{"$oid":"56b27355fa2c9d532fe6846d"},"genre":["War"],"movieid":["6498"],"title":["Murphy's War (1971)"]}
{"_id":{"$oid":"56b27355fa2c9d532fe68d98"},"genre":["War"],"movieid":["27816"],"title":["Saints and Soldiers (2003)"]}
{"_id":{"$oid":"56b27355fa2c9d532fe693df"},"genre":["War"],"movieid":["60389"],"title":["Battle for Haditha (2007)"]}
