{"_id":{"$oid":"56b27355fa2c9d532fe68ef5"},"genre":["Drama"],"movieid":["33264"],"title":["Satan's Tango (Sátántangó) (1994)"]}
{"_id":{"$oid":"56b27355fa2c9d532fe6903a"},"genre":["Drama","Romance"],"movieid":["42783"],"title":["Shadows of Forgotten Ancestors (1964)"]}
{"_id":{"$oid":"56b27355fa2c9d532fe691c7"},"genre":["Action","Comedy"],"movieid":["51209"],"title":["Fighting Elegy (Kenka erejii) (1966)"]}
{"_id":{"$oid":"56b27355fa2c9d532fe69232"},"genre":["Comedy","Romance"],"movieid":["53355"],"title":["Sun Alley (Sonnenallee) (1999)"]}
{"_id":{"$oid":"56b27355fa2c9d532fe694ee"},"genre":["Drama","Fantasy","Mystery"],"movieid":["64275"],"title":["Blue Light, The (Das Blaue Licht) (1932)"]}
